constant,length,tstates,sequence,status
2,1,4,RLA,FOUND
3,3,12,"LD B,A : ADC A,A : ADD A,B",FOUND
4,2,8,"ADC A,A : ADD A,A",FOUND
5,4,16,"LD B,A : ADC A,B : ADD A,A : ADD A,B",FOUND
6,4,16,"LD B,A : ADC A,B : ADD A,B : ADD A,A",FOUND
7,5,20,"LD B,A : ADC A,B : ADD A,A : RLCA : SBC A,B",FOUND
8,3,12,"RLA : ADD A,A : ADD A,A",FOUND
9,5,20,"LD B,A : ADC A,B : ADD A,A : ADD A,A : ADD A,B",FOUND
10,5,20,"RLA : LD B,A : ADD A,B : ADD A,A : ADD A,B",FOUND
11,6,24,"LD B,A : RLA : ADD A,B : ADD A,A : RLCA : SBC A,B",FOUND
12,5,20,"RLA : LD B,A : ADD A,B : ADD A,B : ADD A,A",FOUND
13,6,24,"LD B,A : RLA : ADD A,B : ADD A,A : ADD A,A : ADD A,B",FOUND
14,6,24,"RLA : LD B,A : ADD A,A : ADD A,A : RLCA : SBC A,B",FOUND
15,6,24,"LD B,A : RLA : ADD A,A : ADD A,A : RLCA : SBC A,B",FOUND
16,4,16,"RLA : ADD A,A : ADD A,A : ADD A,A",FOUND
17,6,24,"LD B,A : RLA : ADD A,A : ADD A,A : ADD A,A : ADD A,B",FOUND
18,6,24,"RLA : LD B,A : ADD A,B : ADD A,A : ADD A,A : ADD A,B",FOUND
19,7,28,"LD B,A : RLA : ADD A,A : ADD A,B : ADD A,A : RLCA : SBC A,B",FOUND
20,6,24,"RLA : LD B,A : ADD A,B : ADD A,A : ADD A,B : ADD A,A",FOUND
21,7,28,"LD B,A : RLA : ADD A,A : ADD A,B : ADD A,A : ADD A,A : ADD A,B",FOUND
22,7,28,"RLA : LD B,A : ADD A,B : ADD A,B : ADD A,A : RLCA : SBC A,B",FOUND
23,7,28,"LD B,A : RLA : ADD A,B : ADD A,A : ADD A,A : RLCA : SBC A,B",FOUND
24,6,24,"RLA : LD B,A : ADD A,B : ADD A,B : ADD A,A : ADD A,A",FOUND
25,7,28,"LD B,A : RLA : ADD A,B : ADD A,A : ADD A,A : ADD A,A : ADD A,B",FOUND
26,7,28,"RLA : LD B,A : ADD A,B : ADD A,B : ADD A,A : ADD A,A : ADD A,B",FOUND
27,8,32,"LD B,A : RLA : ADD A,B : LD B,A : ADD A,B : ADD A,A : ADD A,A : ADD A,B",FOUND
28,7,28,"RLA : LD B,A : ADD A,B : ADD A,A : RLCA : SBC A,B : ADD A,A",FOUND
29,8,32,"LD B,A : RLA : ADD A,B : ADD A,A : ADD A,B : ADD A,A : ADD A,A : ADD A,B",FOUND
30,7,28,"RLA : LD B,A : ADD A,B : ADD A,A : ADD A,A : RLCA : SBC A,B",FOUND
31,7,28,"LD B,A : RLA : ADD A,A : ADD A,A : ADD A,A : RLCA : SBC A,B",FOUND
32,5,20,"RLA : ADD A,A : ADD A,A : ADD A,A : ADD A,A",FOUND
33,7,28,"LD B,A : RLA : ADD A,A : ADD A,A : ADD A,A : ADD A,A : ADD A,B",FOUND
34,7,28,"RLA : LD B,A : ADD A,B : ADD A,A : ADD A,A : ADD A,A : ADD A,B",FOUND
35,8,32,"LD B,A : RLA : ADD A,A : ADD A,A : ADD A,B : ADD A,A : RLCA : SBC A,B",FOUND
36,7,28,"RLA : LD B,A : ADD A,B : ADD A,A : ADD A,A : ADD A,B : ADD A,A",FOUND
37,8,32,"LD B,A : RLA : ADD A,A : ADD A,A : ADD A,B : ADD A,A : ADD A,A : ADD A,B",FOUND
38,8,32,"RLA : LD B,A : ADD A,B : ADD A,A : ADD A,B : ADD A,A : RLCA : SBC A,B",FOUND
39,8,32,"LD B,A : RLA : ADD A,A : ADD A,B : ADD A,A : ADD A,A : RLCA : SBC A,B",FOUND
40,7,28,"RLA : LD B,A : ADD A,A : ADD A,A : ADD A,B : ADD A,A : ADD A,A",FOUND
41,8,32,"LD B,A : RLA : ADD A,A : ADD A,B : ADD A,A : ADD A,A : ADD A,A : ADD A,B",FOUND
42,8,32,"RLA : LD B,A : ADD A,B : ADD A,A : ADD A,B : ADD A,A : ADD A,A : ADD A,B",FOUND
44,8,32,"RLA : LD B,A : ADD A,B : ADD A,B : ADD A,A : RLCA : SBC A,B : ADD A,A",FOUND
46,8,32,"RLA : LD B,A : ADD A,B : ADD A,B : ADD A,A : ADD A,A : RLCA : SBC A,B",FOUND
47,8,32,"LD B,A : RLA : ADD A,B : ADD A,A : ADD A,A : ADD A,A : RLCA : SBC A,B",FOUND
48,7,28,"RLA : LD B,A : ADD A,B : ADD A,B : ADD A,A : ADD A,A : ADD A,A",FOUND
49,8,32,"LD B,A : RLA : ADD A,B : ADD A,A : ADD A,A : ADD A,A : ADD A,A : ADD A,B",FOUND
50,8,32,"RLA : LD B,A : ADD A,B : ADD A,B : ADD A,A : ADD A,A : ADD A,A : ADD A,B",FOUND
52,8,32,"RLA : LD B,A : ADD A,B : ADD A,B : ADD A,A : ADD A,A : ADD A,B : ADD A,A",FOUND
56,8,32,"RLA : LD B,A : ADD A,B : ADD A,B : ADD A,A : ADD A,B : ADD A,A : ADD A,A",FOUND
60,8,32,"RLA : LD B,A : ADD A,B : ADD A,A : ADD A,A : RLCA : SBC A,B : ADD A,A",FOUND
62,8,32,"RLA : LD B,A : ADD A,B : ADD A,A : ADD A,A : ADD A,A : RLCA : SBC A,B",FOUND
63,8,32,"LD B,A : RLA : ADD A,A : ADD A,A : ADD A,A : ADD A,A : ADD A,A : SUB B",FOUND
64,6,24,"RLA : ADD A,A : ADD A,A : ADD A,A : ADD A,A : ADD A,A",FOUND
65,8,32,"LD B,A : RLA : ADD A,A : ADD A,A : ADD A,A : ADD A,A : ADD A,A : ADD A,B",FOUND
66,8,32,"RLA : LD B,A : ADD A,B : ADD A,A : ADD A,A : ADD A,A : ADD A,A : ADD A,B",FOUND
68,8,32,"RLA : LD B,A : ADD A,B : ADD A,A : ADD A,A : ADD A,A : ADD A,B : ADD A,A",FOUND
72,8,32,"RLA : LD B,A : ADD A,B : ADD A,A : ADD A,A : ADD A,B : ADD A,A : ADD A,A",FOUND
80,8,32,"RLA : LD B,A : ADD A,B : ADD A,A : ADD A,B : ADD A,A : ADD A,A : ADD A,A",FOUND
96,8,32,"RLA : LD B,A : ADD A,B : ADD A,B : ADD A,A : ADD A,A : ADD A,A : ADD A,A",FOUND
125,8,36,"LD B,A : RRCA : SBC A,A : NEG : RRA : SUB B : SUB B : SUB B",FOUND
126,7,32,"RRCA : ADD A,A : LD B,A : SBC A,A : SRL A : SBC A,B : SUB B",FOUND
127,6,28,"RRCA : LD B,A : RLCA : NEG : RRA : SUB B",FOUND
128,4,16,"RRCA : SBC A,A : ADC A,B : RRA",FOUND
129,5,20,"RRA : LD B,A : ADC A,B : RRCA : ADC A,B",FOUND
130,6,28,"LD B,A : RRCA : SBC A,A : SRL A : ADC A,B : ADD A,B",FOUND
131,7,32,"LD B,A : RRCA : SBC A,A : SRL A : ADC A,B : ADD A,B : ADD A,B",FOUND
132,8,36,"RLA : LD B,A : RRCA : RRCA : SBC A,A : SRL A : ADC A,B : ADD A,B",FOUND
1,-1,-1,,NOT_FOUND_AT_8
43,-1,-1,,NOT_FOUND_AT_8
45,-1,-1,,NOT_FOUND_AT_8
51,-1,-1,,NOT_FOUND_AT_8
53,-1,-1,,NOT_FOUND_AT_8
54,-1,-1,,NOT_FOUND_AT_8
55,-1,-1,,NOT_FOUND_AT_8
57,-1,-1,,NOT_FOUND_AT_8
58,-1,-1,,NOT_FOUND_AT_8
59,-1,-1,,NOT_FOUND_AT_8
61,-1,-1,,NOT_FOUND_AT_8
67,-1,-1,,NOT_FOUND_AT_8
69,-1,-1,,NOT_FOUND_AT_8
70,-1,-1,,NOT_FOUND_AT_8
71,-1,-1,,NOT_FOUND_AT_8
73,-1,-1,,NOT_FOUND_AT_8
74,-1,-1,,NOT_FOUND_AT_8
75,-1,-1,,NOT_FOUND_AT_8
76,-1,-1,,NOT_FOUND_AT_8
77,-1,-1,,NOT_FOUND_AT_8
78,-1,-1,,NOT_FOUND_AT_8
79,-1,-1,,NOT_FOUND_AT_8
81,-1,-1,,NOT_FOUND_AT_8
82,-1,-1,,NOT_FOUND_AT_8
83,-1,-1,,NOT_FOUND_AT_8
84,-1,-1,,NOT_FOUND_AT_8
85,-1,-1,,NOT_FOUND_AT_8
86,-1,-1,,NOT_FOUND_AT_8
87,-1,-1,,NOT_FOUND_AT_8
88,-1,-1,,NOT_FOUND_AT_8
89,-1,-1,,NOT_FOUND_AT_8
90,-1,-1,,NOT_FOUND_AT_8
91,-1,-1,,NOT_FOUND_AT_8
92,-1,-1,,NOT_FOUND_AT_8
93,-1,-1,,NOT_FOUND_AT_8
94,-1,-1,,NOT_FOUND_AT_8
95,-1,-1,,NOT_FOUND_AT_8
97,-1,-1,,NOT_FOUND_AT_8
98,-1,-1,,NOT_FOUND_AT_8
99,-1,-1,,NOT_FOUND_AT_8
100,-1,-1,,NOT_FOUND_AT_8
101,-1,-1,,NOT_FOUND_AT_8
102,-1,-1,,NOT_FOUND_AT_8
103,-1,-1,,NOT_FOUND_AT_8
104,-1,-1,,NOT_FOUND_AT_8
105,-1,-1,,NOT_FOUND_AT_8
106,-1,-1,,NOT_FOUND_AT_8
107,-1,-1,,NOT_FOUND_AT_8
108,-1,-1,,NOT_FOUND_AT_8
109,-1,-1,,NOT_FOUND_AT_8
110,-1,-1,,NOT_FOUND_AT_8
111,-1,-1,,NOT_FOUND_AT_8
112,-1,-1,,NOT_FOUND_AT_8
113,-1,-1,,NOT_FOUND_AT_8
114,-1,-1,,NOT_FOUND_AT_8
115,-1,-1,,NOT_FOUND_AT_8
116,-1,-1,,NOT_FOUND_AT_8
117,-1,-1,,NOT_FOUND_AT_8
118,-1,-1,,NOT_FOUND_AT_8
119,-1,-1,,NOT_FOUND_AT_8
120,-1,-1,,NOT_FOUND_AT_8
121,-1,-1,,NOT_FOUND_AT_8
122,-1,-1,,NOT_FOUND_AT_8
123,-1,-1,,NOT_FOUND_AT_8
124,-1,-1,,NOT_FOUND_AT_8
133,-1,-1,,NOT_FOUND_AT_8
134,-1,-1,,NOT_FOUND_AT_8
135,-1,-1,,NOT_FOUND_AT_8
136,-1,-1,,NOT_FOUND_AT_8
137,-1,-1,,NOT_FOUND_AT_8
138,-1,-1,,NOT_FOUND_AT_8
139,-1,-1,,NOT_FOUND_AT_8
140,-1,-1,,NOT_FOUND_AT_8
141,-1,-1,,NOT_FOUND_AT_8
142,-1,-1,,NOT_FOUND_AT_8
143,-1,-1,,NOT_FOUND_AT_8
144,-1,-1,,NOT_FOUND_AT_8
145,-1,-1,,NOT_FOUND_AT_8
146,-1,-1,,NOT_FOUND_AT_8
147,-1,-1,,NOT_FOUND_AT_8
148,-1,-1,,NOT_FOUND_AT_8
149,-1,-1,,NOT_FOUND_AT_8
150,-1,-1,,NOT_FOUND_AT_8
151,-1,-1,,NOT_FOUND_AT_8
152,-1,-1,,NOT_FOUND_AT_8
153,-1,-1,,NOT_FOUND_AT_8
154,-1,-1,,NOT_FOUND_AT_8
155,-1,-1,,NOT_FOUND_AT_8
156,-1,-1,,NOT_FOUND_AT_8
157,-1,-1,,NOT_FOUND_AT_8
158,-1,-1,,NOT_FOUND_AT_8
159,-1,-1,,NOT_FOUND_AT_8
160,-1,-1,,NOT_FOUND_AT_8
161,-1,-1,,NOT_FOUND_AT_8
162,-1,-1,,NOT_FOUND_AT_8
163,-1,-1,,NOT_FOUND_AT_8
164,-1,-1,,NOT_FOUND_AT_8
165,-1,-1,,NOT_FOUND_AT_8
166,-1,-1,,NOT_FOUND_AT_8
167,-1,-1,,NOT_FOUND_AT_8
168,-1,-1,,NOT_FOUND_AT_8
169,-1,-1,,NOT_FOUND_AT_8
170,-1,-1,,NOT_FOUND_AT_8
171,-1,-1,,NOT_FOUND_AT_8
172,-1,-1,,NOT_FOUND_AT_8
173,-1,-1,,NOT_FOUND_AT_8
174,-1,-1,,NOT_FOUND_AT_8
175,-1,-1,,NOT_FOUND_AT_8
176,-1,-1,,NOT_FOUND_AT_8
177,-1,-1,,NOT_FOUND_AT_8
178,-1,-1,,NOT_FOUND_AT_8
179,-1,-1,,NOT_FOUND_AT_8
180,-1,-1,,NOT_FOUND_AT_8
181,-1,-1,,NOT_FOUND_AT_8
182,-1,-1,,NOT_FOUND_AT_8
183,-1,-1,,NOT_FOUND_AT_8
184,-1,-1,,NOT_FOUND_AT_8
185,-1,-1,,NOT_FOUND_AT_8
186,-1,-1,,NOT_FOUND_AT_8
187,-1,-1,,NOT_FOUND_AT_8
188,-1,-1,,NOT_FOUND_AT_8
189,-1,-1,,NOT_FOUND_AT_8
190,-1,-1,,NOT_FOUND_AT_8
191,-1,-1,,NOT_FOUND_AT_8
192,-1,-1,,NOT_FOUND_AT_8
193,-1,-1,,NOT_FOUND_AT_8
194,-1,-1,,NOT_FOUND_AT_8
195,-1,-1,,NOT_FOUND_AT_8
196,-1,-1,,NOT_FOUND_AT_8
197,-1,-1,,NOT_FOUND_AT_8
198,-1,-1,,NOT_FOUND_AT_8
199,-1,-1,,NOT_FOUND_AT_8
200,-1,-1,,NOT_FOUND_AT_8
201,-1,-1,,NOT_FOUND_AT_8
202,-1,-1,,NOT_FOUND_AT_8
203,-1,-1,,NOT_FOUND_AT_8
204,-1,-1,,NOT_FOUND_AT_8
205,-1,-1,,NOT_FOUND_AT_8
206,-1,-1,,NOT_FOUND_AT_8
207,-1,-1,,NOT_FOUND_AT_8
208,-1,-1,,NOT_FOUND_AT_8
209,-1,-1,,NOT_FOUND_AT_8
210,-1,-1,,NOT_FOUND_AT_8
211,-1,-1,,NOT_FOUND_AT_8
212,-1,-1,,NOT_FOUND_AT_8
213,-1,-1,,NOT_FOUND_AT_8
214,-1,-1,,NOT_FOUND_AT_8
215,-1,-1,,NOT_FOUND_AT_8
216,-1,-1,,NOT_FOUND_AT_8
217,-1,-1,,NOT_FOUND_AT_8
218,-1,-1,,NOT_FOUND_AT_8
219,-1,-1,,NOT_FOUND_AT_8
220,-1,-1,,NOT_FOUND_AT_8
221,-1,-1,,NOT_FOUND_AT_8
222,-1,-1,,NOT_FOUND_AT_8
223,-1,-1,,NOT_FOUND_AT_8
224,-1,-1,,NOT_FOUND_AT_8
225,-1,-1,,NOT_FOUND_AT_8
226,-1,-1,,NOT_FOUND_AT_8
227,-1,-1,,NOT_FOUND_AT_8
228,-1,-1,,NOT_FOUND_AT_8
229,-1,-1,,NOT_FOUND_AT_8
230,-1,-1,,NOT_FOUND_AT_8
231,-1,-1,,NOT_FOUND_AT_8
232,-1,-1,,NOT_FOUND_AT_8
233,-1,-1,,NOT_FOUND_AT_8
234,-1,-1,,NOT_FOUND_AT_8
235,-1,-1,,NOT_FOUND_AT_8
236,-1,-1,,NOT_FOUND_AT_8
237,-1,-1,,NOT_FOUND_AT_8
238,-1,-1,,NOT_FOUND_AT_8
239,-1,-1,,NOT_FOUND_AT_8
240,-1,-1,,NOT_FOUND_AT_8
241,-1,-1,,NOT_FOUND_AT_8
242,-1,-1,,NOT_FOUND_AT_8
243,-1,-1,,NOT_FOUND_AT_8
244,-1,-1,,NOT_FOUND_AT_8
245,-1,-1,,NOT_FOUND_AT_8
246,-1,-1,,NOT_FOUND_AT_8
247,-1,-1,,NOT_FOUND_AT_8
248,-1,-1,,NOT_FOUND_AT_8
249,-1,-1,,NOT_FOUND_AT_8
250,-1,-1,,NOT_FOUND_AT_8
251,-1,-1,,NOT_FOUND_AT_8
252,-1,-1,,NOT_FOUND_AT_8
253,-1,-1,,NOT_FOUND_AT_8
254,-1,-1,,NOT_FOUND_AT_8
255,-1,-1,,NOT_FOUND_AT_8
